{
  "查看产品" : {
    "transaction" : "查看产品",
    "sampleCount" : 2131,
    "errorCount" : 0,
    "errorPct" : 0.0,
    "meanResTime" : 12.062881276396084,
    "medianResTime" : 10.0,
    "minResTime" : 7.0,
    "maxResTime" : 277.0,
    "pct1ResTime" : 17.0,
    "pct2ResTime" : 19.399999999999864,
    "pct3ResTime" : 30.0,
    "throughput" : 21.750446542485328,
    "receivedKBytesPerSec" : 6.66957052181679,
    "sentKBytesPerSec" : 2.718805817810666
  },
  "Total" : {
    "transaction" : "Total",
    "sampleCount" : 6292,
    "errorCount" : 0,
    "errorPct" : 0.0,
    "meanResTime" : 15.460584869675781,
    "medianResTime" : 13.0,
    "minResTime" : 7.0,
    "maxResTime" : 290.0,
    "pct1ResTime" : 21.0,
    "pct2ResTime" : 24.0,
    "pct3ResTime" : 33.06999999999971,
    "throughput" : 64.06679564199165,
    "receivedKBytesPerSec" : 19.347720684629877,
    "sentKBytesPerSec" : 9.003208208176357
  },
  "获取交易账户" : {
    "transaction" : "获取交易账户",
    "sampleCount" : 2096,
    "errorCount" : 0,
    "errorPct" : 0.0,
    "meanResTime" : 13.384541984732822,
    "medianResTime" : 11.0,
    "minResTime" : 7.0,
    "maxResTime" : 290.0,
    "pct1ResTime" : 18.0,
    "pct2ResTime" : 20.0,
    "pct3ResTime" : 26.0,
    "throughput" : 21.67707773135316,
    "receivedKBytesPerSec" : 4.530170541513259,
    "sentKBytesPerSec" : 3.344705353079883
  },
  "获取交易日期" : {
    "transaction" : "获取交易日期",
    "sampleCount" : 2065,
    "errorCount" : 0,
    "errorPct" : 0.0,
    "meanResTime" : 21.07409200968528,
    "medianResTime" : 19.0,
    "minResTime" : 13.0,
    "maxResTime" : 264.0,
    "pct1ResTime" : 25.0,
    "pct2ResTime" : 27.0,
    "pct3ResTime" : 35.0,
    "throughput" : 21.479986685528836,
    "receivedKBytesPerSec" : 8.411596348532289,
    "sentKBytesPerSec" : 3.062576226647666
  }
}